sequenceID,-5,-4.5,-4,-3.5,-3,-2.5,-2,-1.5,-1,-0.5,0,0.5,1,1.5,2,2.5,3,3.5,4,4.5,5
0,"((2, 0), (1, 0))","((2, 0), (1, 0))","((2, 0), (1, 0))","((2, 0), (1, 0))","((2, 0), (1, 0))","((2, 0), (1, 0))","((2, 0), (1, 0))","((2, 0), (1, 0))","((1, 0), (0, 0))","((1, 0), (0, 0))","((1, 0), (0, 0))","((0, 1), (0, 0))","((0, 1), (0, 1))","((0, 1), (0, 1))","((0, 1), (0, 1))","((0, 1), (0, 1))","((0, 1), (0, 1))","((0, 1), (0, 1))","((0, 1), (0, 1))","((0, 1), (0, 1))","((0, 1), (0, 1))"
1,"((1, 0), (1, 0))","((1, 0), (1, 0))","((1, 0), (1, 0))","((1, 0), (1, 0))","((1, 0), (1, 0))","((1, 0), (1, 0))","((1, 0), (1, 0))","((1, 0), (1, 0))","((0, 0), (1, 0))","((0, 0), (0, 0))","((0, 0), (0, 0))","((0, 0), (0, 0))","((0, 0), (0, 1))","((0, 0), (0, 1))","((0, 0), (0, 1))","((0, 0), (0, 1))","((0, 0), (0, 1))","((0, 0), (0, 1))","((0, 0), (0, 1))","((0, 0), (0, 1))","((0, 0), (0, 1))"
2,"((1, 0), (1, 0))","((1, 0), (1, 0))","((1, 0), (1, 0))","((1, 0), (1, 0))","((1, 0), (1, 0))","((1, 0), (1, 0))","((1, 0), (1, 0))","((1, 0), (1, 0))","((0, 0), (1, 0))","((0, 0), (1, 0))","((0, 0), (1, 0))","((0, 1), (1, 0))","((0, 1), (1, 0))","((0, 1), (1, 0))","((0, 1), (1, 0))","((0, 1), (1, 0))","((0, 1), (1, 0))","((0, 1), (1, 0))","((0, 1), (1, 0))","((0, 1), (1, 0))","((0, 1), (1, 0))"
3,"((1, 0), (1, 0))","((1, 0), (1, 0))","((1, 0), (1, 0))","((1, 0), (1, 0))","((1, 0), (1, 0))","((1, 0), (1, 0))","((1, 0), (1, 0))","((1, 0), (1, 0))","((1, 0), (0, 0))","((0, 0), (0, 0))","((0, 0), (0, 0))","((0, 0), (0, 0))","((0, 1), (0, 0))","((0, 1), (0, 0))","((0, 1), (0, 0))","((0, 1), (0, 0))","((0, 1), (0, 0))","((0, 1), (0, 0))","((0, 1), (0, 0))","((0, 1), (0, 0))","((0, 1), (0, 0))"
4,"((1, 0), (1, 0))","((1, 0), (1, 0))","((1, 0), (1, 0))","((1, 0), (1, 0))","((1, 0), (1, 0))","((1, 0), (1, 0))","((1, 0), (1, 0))","((1, 0), (1, 0))","((1, 0), (1, 0))","((0, 0), (1, 0))","((0, 0), (0, 0))","((0, 0), (0, 0))","((0, 1), (0, 0))","((0, 1), (0, 0))","((0, 1), (0, 0))","((0, 1), (0, 0))","((0, 1), (0, 0))","((0, 1), (0, 0))","((0, 1), (0, 0))","((0, 1), (0, 0))","((0, 1), (0, 0))"
5,"((2, 0), (1, 0))","((2, 0), (1, 0))","((2, 0), (1, 0))","((2, 0), (1, 0))","((2, 0), (1, 0))","((2, 0), (1, 0))","((2, 0), (1, 0))","((2, 0), (1, 0))","((2, 0), (1, 0))","((1, 0), (1, 0))","((0, 0), (0, 0))","((0, 0), (0, 0))","((0, 0), (0, 0))","((0, 0), (0, 1))","((0, 0), (0, 1))","((0, 0), (0, 1))","((0, 0), (0, 1))","((0, 0), (0, 1))","((0, 0), (0, 1))","((0, 0), (0, 1))","((0, 0), (0, 1))"
6,"((2, 0), (1, 0))","((2, 0), (1, 0))","((2, 0), (1, 0))","((2, 0), (1, 0))","((2, 0), (1, 0))","((2, 0), (1, 0))","((2, 0), (1, 0))","((1, 0), (1, 0))","((1, 0), (0, 0))","((1, 0), (0, 0))","((1, 0), (0, 0))","((1, 0), (0, 0))","((1, 0), (0, 0))","((1, 0), (0, 1))","((1, 0), (0, 1))","((1, 0), (0, 1))","((1, 0), (0, 1))","((1, 0), (0, 1))","((1, 0), (0, 1))","((1, 0), (0, 1))","((1, 0), (0, 1))"
7,"((2, 0), (1, 0))","((2, 0), (1, 0))","((2, 0), (1, 0))","((2, 0), (1, 0))","((2, 0), (1, 0))","((2, 0), (1, 0))","((2, 0), (1, 0))","((2, 0), (0, 0))","((2, 0), (0, 0))","((2, 0), (0, 0))","((1, 0), (0, 1))","((1, 0), (0, 1))","((1, 0), (0, 1))","((1, 0), (0, 1))","((1, 0), (0, 1))","((1, 0), (0, 1))","((1, 0), (0, 1))","((1, 0), (0, 1))","((1, 0), (0, 1))","((1, 0), (0, 1))","((1, 0), (0, 1))"
8,"((2, 0), (1, 0))","((2, 0), (1, 0))","((2, 0), (1, 0))","((2, 0), (1, 0))","((2, 0), (1, 0))","((2, 0), (1, 0))","((2, 0), (1, 0))","((2, 0), (0, 0))","((0, 0), (0, 0))","((0, 0), (0, 0))","((0, 0), (0, 0))","((0, 0), (0, 1))","((0, 0), (0, 1))","((0, 0), (0, 1))","((0, 0), (0, 1))","((0, 0), (0, 1))","((0, 0), (0, 1))","((0, 0), (0, 1))","((0, 0), (0, 1))","((0, 0), (0, 1))","((0, 0), (0, 1))"
9,"((1, 0), (1, 0))","((1, 0), (1, 0))","((1, 0), (1, 0))","((1, 0), (1, 0))","((1, 0), (1, 0))","((1, 0), (1, 0))","((1, 0), (1, 0))","((0, 0), (1, 0))","((0, 0), (1, 0))","((0, 0), (1, 0))","((0, 0), (1, 0))","((0, 1), (1, 0))","((0, 1), (1, 0))","((0, 1), (1, 0))","((0, 1), (1, 0))","((0, 1), (1, 0))","((0, 1), (1, 0))","((0, 1), (1, 0))","((0, 1), (1, 0))","((0, 1), (1, 0))","((0, 1), (1, 0))"
10,"((1, 0), (1, 0))","((1, 0), (1, 0))","((1, 0), (1, 0))","((1, 0), (1, 0))","((1, 0), (1, 0))","((1, 0), (1, 0))","((1, 0), (1, 0))","((1, 0), (1, 0))","((1, 0), (1, 0))","((0, 0), (1, 0))","((0, 0), (1, 0))","((0, 0), (0, 0))","((0, 0), (0, 0))","((0, 0), (0, 0))","((0, 0), (0, 0))","((0, 0), (0, 0))","((0, 0), (0, 0))","((0, 0), (0, 0))","((0, 0), (0, 0))","((0, 0), (0, 0))","((0, 0), (0, 0))"
11,"((1, 0), (1, 0))","((1, 0), (1, 0))","((1, 0), (1, 0))","((1, 0), (1, 0))","((1, 0), (1, 0))","((1, 0), (1, 0))","((1, 0), (1, 0))","((0, 0), (1, 0))","((0, 0), (1, 0))","((0, 0), (1, 0))","((0, 0), (1, 0))","((0, 1), (1, 0))","((0, 1), (1, 0))","((0, 1), (1, 0))","((0, 1), (1, 0))","((0, 1), (1, 0))","((0, 1), (1, 0))","((0, 1), (1, 0))","((0, 1), (1, 0))","((0, 1), (1, 0))","((0, 1), (1, 0))"
12,"((1, 0), (1, 0))","((1, 0), (1, 0))","((1, 0), (1, 0))","((1, 0), (1, 0))","((1, 0), (1, 0))","((1, 0), (1, 0))","((1, 0), (1, 0))","((1, 0), (1, 0))","((1, 0), (1, 0))","((1, 0), (1, 0))","((0, 0), (0, 0))","((0, 0), (0, 0))","((0, 0), (0, 0))","((0, 1), (0, 0))","((0, 1), (0, 0))","((0, 1), (0, 0))","((0, 1), (0, 0))","((0, 1), (0, 0))","((0, 1), (0, 0))","((0, 1), (0, 0))","((0, 1), (0, 0))"
13,"((1, 0), (1, 0))","((1, 0), (1, 0))","((1, 0), (1, 0))","((1, 0), (1, 0))","((1, 0), (1, 0))","((1, 0), (1, 0))","((1, 0), (1, 0))","((1, 0), (1, 0))","((1, 0), (1, 0))","((0, 0), (1, 0))","((0, 0), (1, 0))","((0, 1), (1, 0))","((0, 1), (1, 0))","((0, 1), (1, 0))","((0, 1), (1, 0))","((0, 1), (1, 0))","((0, 1), (1, 0))","((0, 1), (1, 0))","((0, 1), (1, 0))","((0, 1), (1, 0))","((0, 1), (1, 0))"
14,"((2, 0), (1, 0))","((2, 0), (1, 0))","((2, 0), (1, 0))","((2, 0), (1, 0))","((2, 0), (1, 0))","((2, 0), (1, 0))","((2, 0), (1, 0))","((2, 0), (0, 0))","((1, 0), (0, 0))","((0, 0), (0, 0))","((0, 0), (0, 0))","((0, 0), (0, 1))","((0, 1), (0, 1))","((0, 1), (0, 1))","((0, 1), (0, 1))","((0, 1), (0, 1))","((0, 1), (0, 1))","((0, 1), (0, 1))","((0, 1), (0, 1))","((0, 1), (0, 1))","((0, 1), (0, 1))"
15,"((2, 0), (1, 0))","((2, 0), (1, 0))","((2, 0), (1, 0))","((2, 0), (1, 0))","((2, 0), (1, 0))","((2, 0), (1, 0))","((2, 0), (1, 0))","((2, 0), (1, 0))","((1, 0), (0, 0))","((0, 0), (0, 0))","((0, 0), (0, 0))","((0, 0), (0, 0))","((0, 0), (0, 0))","((0, 0), (0, 1))","((0, 0), (0, 1))","((0, 0), (0, 1))","((0, 0), (0, 1))","((0, 0), (0, 1))","((0, 0), (0, 1))","((0, 0), (0, 1))","((0, 0), (0, 1))"
16,"((2, 0), (1, 0))","((2, 0), (1, 0))","((2, 0), (1, 0))","((2, 0), (1, 0))","((2, 0), (1, 0))","((2, 0), (1, 0))","((2, 0), (1, 0))","((1, 0), (1, 0))","((1, 0), (1, 0))","((1, 0), (0, 0))","((1, 0), (0, 0))","((1, 0), (0, 0))","((1, 0), (0, 0))","((1, 0), (0, 1))","((1, 0), (0, 1))","((1, 0), (0, 1))","((1, 0), (0, 1))","((1, 0), (0, 1))","((1, 0), (0, 1))","((1, 0), (0, 1))","((1, 0), (0, 1))"
17,"((2, 0), (1, 0))","((2, 0), (1, 0))","((2, 0), (1, 0))","((2, 0), (1, 0))","((2, 0), (1, 0))","((2, 0), (1, 0))","((2, 0), (1, 0))","((1, 0), (0, 0))","((0, 0), (0, 0))","((0, 0), (0, 0))","((0, 0), (0, 0))","((0, 0), (0, 0))","((0, 0), (0, 1))","((0, 0), (0, 1))","((0, 0), (0, 1))","((0, 0), (0, 1))","((0, 0), (0, 1))","((0, 0), (0, 1))","((0, 0), (0, 1))","((0, 0), (0, 1))","((0, 0), (0, 1))"
18,"((2, 0), (1, 0))","((2, 0), (1, 0))","((2, 0), (1, 0))","((2, 0), (1, 0))","((2, 0), (1, 0))","((2, 0), (1, 0))","((2, 0), (1, 0))","((0, 0), (1, 0))","((0, 0), (0, 0))","((0, 0), (0, 0))","((0, 0), (0, 0))","((0, 0), (0, 0))","((0, 0), (0, 1))","((0, 0), (0, 1))","((0, 0), (0, 1))","((0, 0), (0, 1))","((0, 0), (0, 1))","((0, 0), (0, 1))","((0, 0), (0, 1))","((0, 0), (0, 1))","((0, 0), (0, 1))"
19,"((3, 0), (2, 0))","((3, 0), (2, 0))","((3, 0), (2, 0))","((3, 0), (2, 0))","((3, 0), (2, 0))","((3, 0), (2, 0))","((3, 0), (2, 0))","((2, 0), (2, 0))","((1, 0), (0, 0))","((0, 0), (0, 0))","((0, 0), (0, 0))","((0, 1), (0, 1))","((0, 1), (0, 1))","((0, 1), (0, 1))","((0, 1), (0, 1))","((0, 1), (0, 1))","((0, 1), (0, 1))","((0, 1), (0, 1))","((0, 1), (0, 1))","((0, 1), (0, 1))","((0, 1), (0, 1))"
20,"((2, 0), (1, 0))","((2, 0), (1, 0))","((2, 0), (1, 0))","((2, 0), (1, 0))","((2, 0), (1, 0))","((2, 0), (1, 0))","((1, 0), (1, 0))","((1, 0), (1, 0))","((1, 0), (0, 0))","((1, 0), (0, 0))","((1, 0), (0, 0))","((1, 0), (0, 1))","((1, 0), (0, 1))","((1, 0), (0, 1))","((1, 0), (0, 1))","((1, 0), (0, 1))","((1, 0), (0, 1))","((1, 0), (0, 1))","((1, 0), (0, 1))","((1, 0), (0, 1))","((1, 0), (0, 1))"
21,"((2, 0), (1, 0))","((2, 0), (1, 0))","((2, 0), (1, 0))","((2, 0), (1, 0))","((2, 0), (1, 0))","((2, 0), (1, 0))","((1, 0), (1, 0))","((1, 0), (1, 0))","((1, 0), (1, 0))","((0, 0), (1, 0))","((0, 0), (0, 0))","((0, 0), (0, 0))","((0, 0), (0, 0))","((0, 0), (0, 1))","((0, 0), (0, 1))","((0, 0), (0, 1))","((0, 0), (0, 1))","((0, 0), (0, 1))","((0, 0), (0, 1))","((0, 0), (0, 1))","((0, 0), (0, 1))"
22,"((2, 0), (1, 0))","((2, 0), (1, 0))","((2, 0), (1, 0))","((2, 0), (1, 0))","((2, 0), (1, 0))","((2, 0), (1, 0))","((2, 0), (1, 0))","((1, 0), (0, 0))","((0, 0), (0, 0))","((0, 0), (0, 0))","((0, 0), (0, 0))","((0, 0), (0, 1))","((0, 0), (0, 1))","((0, 0), (0, 1))","((0, 0), (0, 1))","((0, 0), (0, 1))","((0, 0), (0, 1))","((0, 0), (0, 1))","((0, 0), (0, 1))","((0, 0), (0, 1))","((0, 0), (0, 1))"
23,"((2, 0), (1, 0))","((2, 0), (1, 0))","((2, 0), (1, 0))","((2, 0), (1, 0))","((2, 0), (1, 0))","((2, 0), (1, 0))","((2, 0), (1, 0))","((2, 0), (1, 0))","((2, 0), (0, 0))","((1, 0), (0, 0))","((1, 0), (0, 0))","((1, 0), (0, 0))","((1, 0), (0, 1))","((1, 0), (0, 1))","((1, 0), (0, 1))","((1, 0), (0, 1))","((1, 0), (0, 1))","((1, 0), (0, 1))","((1, 0), (0, 1))","((1, 0), (0, 1))","((1, 0), (0, 1))"
24,"((2, 0), (1, 0))","((2, 0), (1, 0))","((2, 0), (1, 0))","((2, 0), (1, 0))","((2, 0), (1, 0))","((2, 0), (1, 0))","((2, 0), (1, 0))","((2, 0), (0, 0))","((1, 0), (0, 0))","((1, 0), (0, 0))","((1, 0), (0, 0))","((1, 0), (0, 1))","((1, 0), (0, 1))","((1, 0), (0, 1))","((1, 0), (0, 1))","((1, 0), (0, 1))","((1, 0), (0, 1))","((1, 0), (0, 1))","((1, 0), (0, 1))","((1, 0), (0, 1))","((1, 0), (0, 1))"
25,"((2, 0), (1, 0))","((2, 0), (1, 0))","((2, 0), (1, 0))","((2, 0), (1, 0))","((2, 0), (1, 0))","((2, 0), (1, 0))","((2, 0), (1, 0))","((2, 0), (1, 0))","((1, 0), (1, 0))","((0, 0), (0, 0))","((0, 0), (0, 0))","((0, 0), (0, 0))","((0, 0), (0, 1))","((0, 0), (0, 1))","((0, 0), (0, 1))","((0, 0), (0, 1))","((0, 0), (0, 1))","((0, 0), (0, 1))","((0, 0), (0, 1))","((0, 0), (0, 1))","((0, 0), (0, 1))"
26,"((2, 0), (1, 0))","((2, 0), (1, 0))","((2, 0), (1, 0))","((2, 0), (1, 0))","((2, 0), (1, 0))","((2, 0), (1, 0))","((2, 0), (1, 0))","((1, 0), (0, 0))","((0, 0), (0, 0))","((0, 0), (0, 0))","((0, 0), (0, 0))","((0, 0), (0, 1))","((0, 0), (0, 1))","((0, 0), (0, 1))","((0, 0), (0, 1))","((0, 0), (0, 1))","((0, 0), (0, 1))","((0, 0), (0, 1))","((0, 0), (0, 1))","((0, 0), (0, 1))","((0, 0), (0, 1))"
27,"((1, 0), (1, 0))","((1, 0), (1, 0))","((1, 0), (1, 0))","((1, 0), (1, 0))","((1, 0), (1, 0))","((1, 0), (0, 0))","((1, 0), (0, 0))","((0, 0), (0, 0))","((0, 0), (0, 0))","((0, 0), (0, 0))","((0, 0), (0, 1))","((0, 0), (0, 1))","((0, 0), (0, 1))","((0, 0), (0, 1))","((0, 0), (0, 1))","((0, 0), (0, 1))","((0, 0), (0, 1))","((0, 0), (0, 1))","((0, 0), (0, 1))","((0, 0), (0, 1))","((0, 0), (0, 1))"
28,"((2, 0), (1, 0))","((2, 0), (1, 0))","((2, 0), (1, 0))","((2, 0), (1, 0))","((2, 0), (1, 0))","((2, 0), (1, 0))","((2, 0), (1, 0))","((1, 0), (1, 0))","((1, 0), (0, 0))","((0, 0), (0, 0))","((0, 0), (0, 0))","((0, 0), (0, 0))","((0, 0), (0, 1))","((0, 0), (0, 1))","((0, 0), (0, 1))","((0, 0), (0, 1))","((0, 0), (0, 1))","((0, 0), (0, 1))","((0, 0), (0, 1))","((0, 0), (0, 1))","((0, 0), (0, 1))"
29,"((1, 0), (1, 0))","((1, 0), (1, 0))","((1, 0), (1, 0))","((1, 0), (1, 0))","((1, 0), (1, 0))","((1, 0), (1, 0))","((1, 0), (1, 0))","((1, 0), (1, 0))","((0, 0), (1, 0))","((0, 0), (1, 0))","((0, 0), (1, 0))","((0, 0), (1, 0))","((0, 1), (1, 0))","((0, 1), (1, 0))","((0, 1), (1, 0))","((0, 1), (1, 0))","((0, 1), (1, 0))","((0, 1), (1, 0))","((0, 1), (1, 0))","((0, 1), (1, 0))","((0, 1), (1, 0))"
30,"((1, 0), (1, 0))","((1, 0), (1, 0))","((1, 0), (1, 0))","((1, 0), (1, 0))","((1, 0), (1, 0))","((1, 0), (1, 0))","((1, 0), (1, 0))","((1, 0), (1, 0))","((1, 0), (1, 0))","((1, 0), (1, 0))","((0, 0), (1, 0))","((0, 0), (1, 0))","((0, 1), (1, 0))","((0, 1), (1, 0))","((0, 1), (1, 0))","((0, 1), (1, 0))","((0, 1), (1, 0))","((0, 1), (1, 0))","((0, 1), (1, 0))","((0, 1), (1, 0))","((0, 1), (1, 0))"
31,"((1, 0), (1, 0))","((1, 0), (1, 0))","((1, 0), (1, 0))","((1, 0), (1, 0))","((1, 0), (1, 0))","((1, 0), (1, 0))","((1, 0), (1, 0))","((0, 0), (1, 0))","((0, 0), (1, 0))","((0, 0), (1, 0))","((0, 0), (0, 0))","((0, 0), (0, 0))","((0, 0), (0, 0))","((0, 0), (0, 0))","((0, 0), (0, 0))","((0, 0), (0, 0))","((0, 0), (0, 0))","((0, 0), (0, 0))","((0, 0), (0, 0))","((0, 0), (0, 0))","((0, 0), (0, 0))"
32,"((1, 0), (1, 0))","((1, 0), (1, 0))","((1, 0), (1, 0))","((1, 0), (1, 0))","((1, 0), (1, 0))","((1, 0), (1, 0))","((1, 0), (1, 0))","((1, 0), (0, 0))","((0, 0), (0, 0))","((0, 0), (0, 0))","((0, 0), (0, 0))","((0, 1), (0, 0))","((0, 1), (0, 0))","((0, 1), (0, 0))","((0, 1), (0, 0))","((0, 1), (0, 0))","((0, 1), (0, 0))","((0, 1), (0, 0))","((0, 1), (0, 0))","((0, 1), (0, 0))","((0, 1), (0, 0))"
33,"((1, 0), (1, 0))","((1, 0), (1, 0))","((1, 0), (1, 0))","((1, 0), (1, 0))","((1, 0), (1, 0))","((1, 0), (1, 0))","((1, 0), (1, 0))","((1, 0), (1, 0))","((1, 0), (1, 0))","((0, 0), (1, 0))","((0, 0), (1, 0))","((0, 0), (1, 0))","((0, 1), (1, 0))","((0, 1), (1, 0))","((0, 1), (1, 0))","((0, 1), (1, 0))","((0, 1), (1, 0))","((0, 1), (1, 0))","((0, 1), (1, 0))","((0, 1), (1, 0))","((0, 1), (1, 0))"
34,"((2, 0), (1, 0))","((2, 0), (1, 0))","((2, 0), (1, 0))","((2, 0), (1, 0))","((2, 0), (1, 0))","((2, 0), (1, 0))","((2, 0), (0, 0))","((1, 0), (0, 0))","((1, 0), (0, 0))","((1, 0), (0, 0))","((1, 1), (0, 1))","((1, 1), (0, 1))","((1, 1), (0, 1))","((1, 1), (0, 1))","((1, 1), (0, 1))","((1, 1), (0, 1))","((1, 1), (0, 1))","((1, 1), (0, 1))","((1, 1), (0, 1))","((1, 1), (0, 1))","((1, 1), (0, 1))"
35,"((2, 0), (1, 0))","((2, 0), (1, 0))","((2, 0), (1, 0))","((2, 0), (1, 0))","((2, 0), (1, 0))","((2, 0), (1, 0))","((2, 0), (1, 0))","((2, 0), (0, 0))","((1, 0), (0, 0))","((1, 0), (0, 0))","((1, 0), (0, 0))","((0, 1), (0, 0))","((0, 1), (0, 0))","((0, 1), (0, 0))","((0, 1), (0, 0))","((0, 1), (0, 0))","((0, 1), (0, 0))","((0, 1), (0, 0))","((0, 1), (0, 0))","((0, 1), (0, 0))","((0, 1), (0, 0))"
36,"((1, 0), (1, 0))","((1, 0), (1, 0))","((1, 0), (1, 0))","((1, 0), (1, 0))","((1, 0), (1, 0))","((1, 0), (1, 0))","((1, 0), (1, 0))","((0, 0), (0, 0))","((0, 0), (0, 0))","((0, 0), (0, 0))","((0, 0), (0, 0))","((0, 1), (0, 0))","((0, 1), (0, 0))","((0, 1), (0, 0))","((0, 1), (0, 0))","((0, 1), (0, 0))","((0, 1), (0, 0))","((0, 1), (0, 0))","((0, 1), (0, 0))","((0, 1), (0, 0))","((0, 1), (0, 0))"
37,"((1, 0), (1, 0))","((1, 0), (1, 0))","((1, 0), (1, 0))","((1, 0), (1, 0))","((1, 0), (1, 0))","((1, 0), (1, 0))","((1, 0), (1, 0))","((1, 0), (1, 0))","((1, 0), (1, 0))","((0, 0), (1, 0))","((0, 0), (0, 0))","((0, 0), (0, 0))","((0, 0), (0, 0))","((0, 0), (0, 0))","((0, 0), (0, 0))","((0, 0), (0, 0))","((0, 0), (0, 0))","((0, 0), (0, 0))","((0, 0), (0, 0))","((0, 0), (0, 0))","((0, 0), (0, 0))"
38,"((1, 0), (1, 0))","((1, 0), (1, 0))","((1, 0), (1, 0))","((1, 0), (1, 0))","((1, 0), (1, 0))","((1, 0), (1, 0))","((1, 0), (1, 0))","((1, 0), (1, 0))","((0, 0), (1, 0))","((0, 0), (0, 0))","((0, 0), (0, 0))","((0, 0), (0, 0))","((0, 1), (0, 0))","((0, 1), (0, 0))","((0, 1), (0, 0))","((0, 1), (0, 0))","((0, 1), (0, 0))","((0, 1), (0, 0))","((0, 1), (0, 0))","((0, 1), (0, 0))","((0, 1), (0, 0))"
39,"((2, 0), (1, 0))","((2, 0), (1, 0))","((2, 0), (1, 0))","((2, 0), (1, 0))","((2, 0), (1, 0))","((2, 0), (1, 0))","((1, 0), (1, 0))","((1, 0), (1, 0))","((1, 0), (0, 0))","((0, 0), (0, 0))","((0, 0), (0, 0))","((0, 1), (0, 0))","((0, 1), (0, 0))","((0, 1), (0, 0))","((0, 1), (0, 0))","((0, 1), (0, 0))","((0, 1), (0, 0))","((0, 1), (0, 0))","((0, 1), (0, 0))","((0, 1), (0, 0))","((0, 1), (0, 0))"
40,"((2, 0), (1, 0))","((2, 0), (1, 0))","((2, 0), (1, 0))","((2, 0), (1, 0))","((2, 0), (1, 0))","((2, 0), (1, 0))","((2, 0), (1, 0))","((1, 0), (0, 0))","((1, 0), (0, 0))","((1, 1), (0, 0))","((1, 1), (0, 0))","((1, 1), (0, 0))","((1, 1), (0, 1))","((1, 1), (0, 1))","((1, 1), (0, 1))","((1, 1), (0, 1))","((1, 1), (0, 1))","((1, 1), (0, 1))","((1, 1), (0, 1))","((1, 1), (0, 1))","((1, 1), (0, 1))"
41,"((1, 0), (1, 0))","((1, 0), (1, 0))","((1, 0), (1, 0))","((1, 0), (1, 0))","((1, 0), (1, 0))","((1, 0), (1, 0))","((1, 0), (1, 0))","((1, 0), (1, 0))","((1, 0), (1, 0))","((0, 0), (1, 0))","((0, 0), (1, 0))","((0, 1), (1, 0))","((0, 1), (1, 0))","((0, 1), (1, 0))","((0, 1), (1, 0))","((0, 1), (1, 0))","((0, 1), (1, 0))","((0, 1), (1, 0))","((0, 1), (1, 0))","((0, 1), (1, 0))","((0, 1), (1, 0))"
42,"((2, 0), (1, 0))","((2, 0), (1, 0))","((2, 0), (1, 0))","((2, 0), (1, 0))","((2, 0), (1, 0))","((2, 0), (1, 0))","((2, 0), (1, 0))","((2, 0), (1, 0))","((2, 0), (1, 0))","((1, 0), (0, 0))","((0, 0), (0, 0))","((0, 0), (0, 1))","((0, 0), (0, 1))","((0, 0), (0, 1))","((0, 0), (0, 1))","((0, 0), (0, 1))","((0, 0), (0, 1))","((0, 0), (0, 1))","((0, 0), (0, 1))","((0, 0), (0, 1))","((0, 0), (0, 1))"
43,"((2, 0), (1, 0))","((2, 0), (1, 0))","((2, 0), (1, 0))","((2, 0), (1, 0))","((2, 0), (1, 0))","((2, 0), (1, 0))","((2, 0), (1, 0))","((2, 0), (0, 0))","((1, 0), (0, 0))","((1, 0), (0, 0))","((1, 0), (0, 1))","((1, 0), (0, 1))","((1, 0), (0, 1))","((1, 0), (0, 1))","((1, 0), (0, 1))","((1, 0), (0, 1))","((1, 0), (0, 1))","((1, 0), (0, 1))","((1, 0), (0, 1))","((1, 0), (0, 1))","((1, 0), (0, 1))"
44,"((2, 0), (1, 0))","((2, 0), (1, 0))","((2, 0), (1, 0))","((2, 0), (1, 0))","((2, 0), (1, 0))","((2, 0), (1, 0))","((2, 0), (1, 0))","((2, 0), (0, 0))","((2, 0), (0, 0))","((2, 0), (0, 0))","((1, 0), (0, 0))","((1, 0), (0, 0))","((1, 0), (0, 1))","((1, 0), (0, 1))","((1, 0), (0, 1))","((1, 0), (0, 1))","((1, 0), (0, 1))","((1, 0), (0, 1))","((1, 0), (0, 1))","((1, 0), (0, 1))","((1, 0), (0, 1))"
45,"((2, 0), (1, 0))","((2, 0), (1, 0))","((2, 0), (1, 0))","((2, 0), (1, 0))","((2, 0), (1, 0))","((2, 0), (1, 0))","((2, 0), (1, 0))","((2, 0), (0, 0))","((1, 0), (0, 0))","((0, 0), (0, 0))","((0, 0), (0, 0))","((0, 0), (0, 1))","((0, 0), (0, 1))","((0, 0), (0, 1))","((0, 0), (0, 1))","((0, 0), (0, 1))","((0, 0), (0, 1))","((0, 0), (0, 1))","((0, 0), (0, 1))","((0, 0), (0, 1))","((0, 0), (0, 1))"
46,"((2, 0), (1, 0))","((2, 0), (1, 0))","((2, 0), (1, 0))","((2, 0), (1, 0))","((2, 0), (1, 0))","((2, 0), (1, 0))","((2, 0), (1, 0))","((2, 0), (1, 0))","((1, 0), (0, 0))","((1, 0), (0, 0))","((1, 0), (0, 0))","((1, 0), (0, 1))","((1, 0), (0, 1))","((1, 0), (0, 1))","((1, 0), (0, 1))","((1, 0), (0, 1))","((1, 0), (0, 1))","((1, 0), (0, 1))","((1, 0), (0, 1))","((1, 0), (0, 1))","((1, 0), (0, 1))"
47,"((1, 0), (1, 0))","((1, 0), (1, 0))","((1, 0), (1, 0))","((1, 0), (1, 0))","((1, 0), (1, 0))","((1, 0), (1, 0))","((1, 0), (1, 0))","((1, 0), (1, 0))","((1, 0), (1, 0))","((0, 0), (1, 0))","((0, 0), (1, 0))","((0, 0), (0, 0))","((0, 0), (0, 0))","((0, 0), (0, 0))","((0, 0), (0, 0))","((0, 0), (0, 0))","((0, 0), (0, 0))","((0, 0), (0, 0))","((0, 0), (0, 0))","((0, 0), (0, 0))","((0, 0), (0, 0))"
48,"((2, 0), (1, 0))","((2, 0), (1, 0))","((2, 0), (1, 0))","((2, 0), (1, 0))","((2, 0), (1, 0))","((2, 0), (1, 0))","((2, 0), (1, 0))","((1, 0), (1, 0))","((1, 0), (1, 0))","((1, 0), (0, 0))","((1, 0), (0, 0))","((1, 0), (0, 0))","((1, 0), (0, 1))","((1, 0), (0, 1))","((1, 0), (0, 1))","((1, 0), (0, 1))","((1, 0), (0, 1))","((1, 0), (0, 1))","((1, 0), (0, 1))","((1, 0), (0, 1))","((1, 0), (0, 1))"
49,"((2, 0), (1, 0))","((2, 0), (1, 0))","((2, 0), (1, 0))","((2, 0), (1, 0))","((2, 0), (1, 0))","((2, 0), (1, 0))","((2, 0), (1, 0))","((1, 0), (1, 0))","((1, 0), (1, 0))","((1, 0), (0, 0))","((1, 0), (0, 0))","((1, 0), (0, 0))","((1, 0), (0, 1))","((1, 0), (0, 1))","((1, 0), (0, 1))","((1, 0), (0, 1))","((1, 0), (0, 1))","((1, 0), (0, 1))","((1, 0), (0, 1))","((1, 0), (0, 1))","((1, 0), (0, 1))"
50,"((1, 0), (1, 0))","((1, 0), (1, 0))","((1, 0), (1, 0))","((1, 0), (1, 0))","((1, 0), (1, 0))","((1, 0), (1, 0))","((1, 0), (1, 0))","((1, 0), (1, 0))","((0, 0), (1, 0))","((0, 0), (1, 0))","((0, 0), (1, 0))","((0, 0), (0, 0))","((0, 0), (0, 0))","((0, 0), (0, 0))","((0, 0), (0, 0))","((0, 0), (0, 0))","((0, 0), (0, 0))","((0, 0), (0, 0))","((0, 0), (0, 0))","((0, 0), (0, 0))","((0, 0), (0, 0))"
51,"((1, 0), (1, 0))","((1, 0), (1, 0))","((1, 0), (1, 0))","((1, 0), (1, 0))","((1, 0), (1, 0))","((1, 0), (1, 0))","((1, 0), (1, 0))","((1, 0), (1, 0))","((1, 0), (1, 0))","((0, 0), (1, 0))","((0, 1), (1, 0))","((0, 1), (1, 0))","((0, 1), (1, 0))","((0, 1), (1, 0))","((0, 1), (1, 0))","((0, 1), (1, 0))","((0, 1), (1, 0))","((0, 1), (1, 0))","((0, 1), (1, 0))","((0, 1), (1, 0))","((0, 1), (1, 0))"
52,"((3, 0), (2, 0))","((3, 0), (2, 0))","((3, 0), (2, 0))","((3, 0), (2, 0))","((3, 0), (2, 0))","((3, 0), (2, 0))","((3, 0), (2, 0))","((1, 0), (1, 0))","((1, 0), (1, 0))","((0, 0), (1, 0))","((0, 0), (1, 0))","((0, 1), (1, 0))","((0, 1), (1, 1))","((0, 1), (1, 1))","((0, 1), (1, 1))","((0, 1), (1, 1))","((0, 1), (1, 1))","((0, 1), (1, 1))","((0, 1), (1, 1))","((0, 1), (1, 1))","((0, 1), (1, 1))"
53,"((2, 0), (1, 0))","((2, 0), (1, 0))","((2, 0), (1, 0))","((2, 0), (1, 0))","((2, 0), (1, 0))","((2, 0), (1, 0))","((2, 0), (1, 0))","((2, 0), (1, 0))","((2, 0), (1, 0))","((1, 0), (0, 0))","((1, 0), (0, 0))","((1, 0), (0, 0))","((1, 0), (0, 1))","((1, 0), (0, 1))","((1, 0), (0, 1))","((1, 0), (0, 1))","((1, 0), (0, 1))","((1, 0), (0, 1))","((1, 0), (0, 1))","((1, 0), (0, 1))","((1, 0), (0, 1))"
54,"((2, 0), (1, 0))","((2, 0), (1, 0))","((2, 0), (1, 0))","((2, 0), (1, 0))","((2, 0), (1, 0))","((2, 0), (1, 0))","((2, 0), (1, 0))","((1, 0), (1, 0))","((1, 0), (0, 0))","((1, 0), (0, 0))","((1, 0), (0, 0))","((1, 0), (0, 1))","((1, 0), (0, 1))","((1, 0), (0, 1))","((1, 0), (0, 1))","((1, 0), (0, 1))","((1, 0), (0, 1))","((1, 0), (0, 1))","((1, 0), (0, 1))","((1, 0), (0, 1))","((1, 0), (0, 1))"
55,"((1, 0), (1, 0))","((1, 0), (1, 0))","((1, 0), (1, 0))","((1, 0), (1, 0))","((1, 0), (1, 0))","((1, 0), (1, 0))","((1, 0), (0, 0))","((1, 0), (0, 0))","((1, 0), (0, 0))","((0, 0), (0, 0))","((0, 0), (0, 0))","((0, 1), (0, 0))","((0, 1), (0, 0))","((0, 1), (0, 0))","((0, 1), (0, 0))","((0, 1), (0, 0))","((0, 1), (0, 0))","((0, 1), (0, 0))","((0, 1), (0, 0))","((0, 1), (0, 0))","((0, 1), (0, 0))"
56,"((2, 0), (1, 0))","((2, 0), (1, 0))","((2, 0), (1, 0))","((2, 0), (1, 0))","((2, 0), (1, 0))","((2, 0), (1, 0))","((2, 0), (1, 0))","((1, 0), (1, 0))","((1, 0), (0, 0))","((1, 0), (0, 0))","((1, 0), (0, 0))","((1, 0), (0, 1))","((1, 0), (0, 1))","((1, 0), (0, 1))","((1, 0), (0, 1))","((1, 0), (0, 1))","((1, 0), (0, 1))","((1, 0), (0, 1))","((1, 0), (0, 1))","((1, 0), (0, 1))","((1, 0), (0, 1))"
57,"((2, 0), (2, 0))","((2, 0), (2, 0))","((2, 0), (2, 0))","((2, 0), (2, 0))","((2, 0), (2, 0))","((2, 0), (2, 0))","((2, 0), (2, 0))","((0, 0), (1, 0))","((0, 0), (1, 0))","((0, 0), (0, 0))","((0, 1), (0, 0))","((0, 1), (0, 1))","((0, 1), (0, 1))","((0, 1), (0, 1))","((0, 1), (0, 1))","((0, 1), (0, 1))","((0, 1), (0, 1))","((0, 1), (0, 1))","((0, 1), (0, 1))","((0, 1), (0, 1))","((0, 1), (0, 1))"
58,"((1, 0), (1, 0))","((1, 0), (1, 0))","((1, 0), (1, 0))","((1, 0), (1, 0))","((1, 0), (1, 0))","((1, 0), (1, 0))","((1, 0), (1, 0))","((1, 0), (1, 0))","((1, 0), (1, 0))","((0, 0), (0, 0))","((0, 0), (0, 0))","((0, 0), (0, 1))","((0, 0), (0, 1))","((0, 0), (0, 1))","((0, 0), (0, 1))","((0, 0), (0, 1))","((0, 0), (0, 1))","((0, 0), (0, 1))","((0, 0), (0, 1))","((0, 0), (0, 1))","((0, 0), (0, 1))"
59,"((2, 0), (1, 0))","((2, 0), (1, 0))","((2, 0), (1, 0))","((2, 0), (1, 0))","((2, 0), (1, 0))","((2, 0), (1, 0))","((2, 0), (1, 0))","((1, 0), (1, 0))","((1, 0), (0, 0))","((1, 0), (0, 0))","((1, 0), (0, 0))","((1, 0), (0, 1))","((1, 0), (0, 1))","((1, 0), (0, 1))","((1, 0), (0, 1))","((1, 0), (0, 1))","((1, 0), (0, 1))","((1, 0), (0, 1))","((1, 0), (0, 1))","((1, 0), (0, 1))","((1, 0), (0, 1))"
60,"((2, 0), (1, 0))","((2, 0), (1, 0))","((2, 0), (1, 0))","((2, 0), (1, 0))","((2, 0), (1, 0))","((2, 0), (1, 0))","((2, 0), (1, 0))","((1, 0), (0, 0))","((1, 0), (0, 0))","((1, 0), (0, 0))","((1, 0), (0, 0))","((1, 0), (0, 1))","((1, 0), (0, 1))","((1, 0), (0, 1))","((1, 0), (0, 1))","((1, 0), (0, 1))","((1, 0), (0, 1))","((1, 0), (0, 1))","((1, 0), (0, 1))","((1, 0), (0, 1))","((1, 0), (0, 1))"
61,"((2, 0), (1, 0))","((2, 0), (1, 0))","((2, 0), (1, 0))","((2, 0), (1, 0))","((2, 0), (1, 0))","((2, 0), (1, 0))","((2, 0), (1, 0))","((1, 0), (0, 0))","((1, 0), (0, 0))","((1, 0), (0, 0))","((1, 0), (0, 1))","((1, 0), (0, 1))","((1, 0), (0, 1))","((1, 0), (0, 1))","((1, 0), (0, 1))","((1, 0), (0, 1))","((1, 0), (0, 1))","((1, 0), (0, 1))","((1, 0), (0, 1))","((1, 0), (0, 1))","((1, 0), (0, 1))"
62,"((2, 0), (1, 0))","((2, 0), (1, 0))","((2, 0), (1, 0))","((2, 0), (1, 0))","((2, 0), (1, 0))","((2, 0), (1, 0))","((2, 0), (1, 0))","((1, 0), (0, 0))","((1, 0), (0, 0))","((0, 0), (0, 0))","((0, 0), (0, 0))","((0, 0), (0, 1))","((0, 0), (0, 1))","((0, 0), (0, 1))","((0, 0), (0, 1))","((0, 0), (0, 1))","((0, 0), (0, 1))","((0, 0), (0, 1))","((0, 0), (0, 1))","((0, 0), (0, 1))","((0, 0), (0, 1))"
63,"((1, 0), (1, 0))","((1, 0), (1, 0))","((1, 0), (1, 0))","((1, 0), (1, 0))","((1, 0), (1, 0))","((1, 0), (1, 0))","((1, 0), (1, 0))","((0, 0), (1, 0))","((0, 0), (1, 0))","((0, 0), (1, 0))","((0, 0), (1, 0))","((0, 0), (0, 0))","((0, 0), (0, 0))","((0, 0), (0, 0))","((0, 0), (0, 0))","((0, 0), (0, 0))","((0, 0), (0, 0))","((0, 0), (0, 0))","((0, 0), (0, 0))","((0, 0), (0, 0))","((0, 0), (0, 0))"
64,"((2, 0), (1, 0))","((2, 0), (1, 0))","((2, 0), (1, 0))","((2, 0), (1, 0))","((2, 0), (1, 0))","((2, 0), (1, 0))","((2, 0), (1, 0))","((2, 0), (0, 0))","((1, 0), (0, 0))","((1, 0), (0, 0))","((1, 0), (0, 0))","((1, 0), (0, 1))","((1, 0), (0, 1))","((1, 0), (0, 1))","((1, 0), (0, 1))","((1, 0), (0, 1))","((1, 0), (0, 1))","((1, 0), (0, 1))","((1, 0), (0, 1))","((1, 0), (0, 1))","((1, 0), (0, 1))"
65,"((1, 0), (1, 0))","((1, 0), (1, 0))","((1, 0), (1, 0))","((1, 0), (1, 0))","((1, 0), (1, 0))","((1, 0), (1, 0))","((1, 0), (1, 0))","((1, 0), (1, 0))","((1, 0), (1, 0))","((0, 1), (1, 0))","((0, 1), (1, 0))","((0, 1), (1, 0))","((0, 1), (1, 0))","((0, 1), (1, 0))","((0, 1), (1, 0))","((0, 1), (1, 0))","((0, 1), (1, 0))","((0, 1), (1, 0))","((0, 1), (1, 0))","((0, 1), (1, 0))","((0, 1), (1, 0))"
66,"((1, 0), (1, 0))","((1, 0), (1, 0))","((1, 0), (1, 0))","((1, 0), (1, 0))","((1, 0), (1, 0))","((1, 0), (1, 0))","((0, 0), (1, 0))","((0, 0), (1, 0))","((0, 0), (1, 0))","((0, 0), (1, 0))","((0, 0), (1, 0))","((0, 1), (1, 0))","((0, 1), (1, 0))","((0, 1), (1, 0))","((0, 1), (1, 0))","((0, 1), (1, 0))","((0, 1), (1, 0))","((0, 1), (1, 0))","((0, 1), (1, 0))","((0, 1), (1, 0))","((0, 1), (1, 0))"
67,"((2, 0), (1, 0))","((2, 0), (1, 0))","((2, 0), (1, 0))","((2, 0), (1, 0))","((2, 0), (1, 0))","((2, 0), (1, 0))","((2, 0), (0, 0))","((2, 0), (0, 0))","((2, 0), (0, 0))","((1, 0), (0, 0))","((1, 0), (0, 0))","((1, 0), (0, 1))","((1, 0), (0, 1))","((1, 0), (0, 1))","((1, 0), (0, 1))","((1, 0), (0, 1))","((1, 0), (0, 1))","((1, 0), (0, 1))","((1, 0), (0, 1))","((1, 0), (0, 1))","((1, 0), (0, 1))"
68,"((2, 0), (1, 0))","((2, 0), (1, 0))","((2, 0), (1, 0))","((2, 0), (1, 0))","((2, 0), (1, 0))","((2, 0), (1, 0))","((2, 0), (1, 0))","((2, 0), (1, 0))","((2, 0), (0, 0))","((1, 0), (0, 0))","((1, 0), (0, 0))","((1, 0), (0, 0))","((1, 0), (0, 0))","((1, 0), (0, 1))","((1, 0), (0, 1))","((1, 0), (0, 1))","((1, 0), (0, 1))","((1, 0), (0, 1))","((1, 0), (0, 1))","((1, 0), (0, 1))","((1, 0), (0, 1))"
69,"((1, 0), (1, 0))","((1, 0), (1, 0))","((1, 0), (1, 0))","((1, 0), (1, 0))","((1, 0), (1, 0))","((1, 0), (1, 0))","((1, 0), (1, 0))","((1, 0), (1, 0))","((1, 0), (1, 0))","((0, 0), (1, 0))","((0, 0), (1, 0))","((0, 0), (1, 0))","((0, 1), (1, 0))","((0, 1), (1, 0))","((0, 1), (1, 0))","((0, 1), (1, 0))","((0, 1), (1, 0))","((0, 1), (1, 0))","((0, 1), (1, 0))","((0, 1), (1, 0))","((0, 1), (1, 0))"
70,"((2, 0), (1, 0))","((2, 0), (1, 0))","((2, 0), (1, 0))","((2, 0), (1, 0))","((2, 0), (1, 0))","((2, 0), (1, 0))","((2, 0), (1, 0))","((2, 0), (1, 0))","((2, 0), (1, 0))","((2, 0), (0, 0))","((1, 0), (0, 0))","((1, 0), (0, 0))","((1, 0), (0, 0))","((1, 0), (0, 1))","((1, 0), (0, 1))","((1, 0), (0, 1))","((1, 0), (0, 1))","((1, 0), (0, 1))","((1, 0), (0, 1))","((1, 0), (0, 1))","((1, 0), (0, 1))"
71,"((1, 0), (1, 0))","((1, 0), (1, 0))","((1, 0), (1, 0))","((1, 0), (1, 0))","((1, 0), (1, 0))","((1, 0), (1, 0))","((1, 0), (1, 0))","((0, 0), (1, 0))","((0, 0), (1, 0))","((0, 0), (1, 0))","((0, 0), (1, 0))","((0, 0), (1, 0))","((0, 1), (1, 0))","((0, 1), (1, 0))","((0, 1), (1, 0))","((0, 1), (1, 0))","((0, 1), (1, 0))","((0, 1), (1, 0))","((0, 1), (1, 0))","((0, 1), (1, 0))","((0, 1), (1, 0))"
72,"((1, 0), (1, 0))","((1, 0), (1, 0))","((1, 0), (1, 0))","((1, 0), (1, 0))","((1, 0), (1, 0))","((1, 0), (1, 0))","((1, 0), (1, 0))","((1, 0), (1, 0))","((0, 0), (1, 0))","((0, 0), (1, 0))","((0, 0), (1, 0))","((0, 0), (1, 0))","((0, 0), (0, 0))","((0, 0), (0, 0))","((0, 0), (0, 0))","((0, 0), (0, 0))","((0, 0), (0, 0))","((0, 0), (0, 0))","((0, 0), (0, 0))","((0, 0), (0, 0))","((0, 0), (0, 0))"
73,"((1, 0), (1, 0))","((1, 0), (1, 0))","((1, 0), (1, 0))","((1, 0), (1, 0))","((1, 0), (1, 0))","((1, 0), (1, 0))","((1, 0), (1, 0))","((1, 0), (1, 0))","((1, 0), (1, 0))","((1, 0), (0, 0))","((0, 0), (0, 0))","((0, 0), (0, 0))","((0, 0), (0, 1))","((0, 0), (0, 1))","((0, 0), (0, 1))","((0, 0), (0, 1))","((0, 0), (0, 1))","((0, 0), (0, 1))","((0, 0), (0, 1))","((0, 0), (0, 1))","((0, 0), (0, 1))"
74,"((2, 0), (1, 0))","((2, 0), (1, 0))","((2, 0), (1, 0))","((2, 0), (1, 0))","((2, 0), (1, 0))","((2, 0), (1, 0))","((2, 0), (1, 0))","((2, 0), (1, 0))","((1, 0), (0, 0))","((1, 0), (0, 0))","((1, 0), (0, 0))","((1, 0), (0, 0))","((1, 0), (0, 0))","((1, 0), (0, 1))","((1, 0), (0, 1))","((1, 0), (0, 1))","((1, 0), (0, 1))","((1, 0), (0, 1))","((1, 0), (0, 1))","((1, 0), (0, 1))","((1, 0), (0, 1))"
75,"((2, 0), (1, 0))","((2, 0), (1, 0))","((2, 0), (1, 0))","((2, 0), (1, 0))","((2, 0), (1, 0))","((2, 0), (1, 0))","((2, 0), (1, 0))","((2, 0), (1, 0))","((2, 0), (1, 0))","((1, 0), (0, 0))","((1, 0), (0, 0))","((1, 0), (0, 1))","((1, 0), (0, 1))","((1, 0), (0, 1))","((1, 0), (0, 1))","((1, 0), (0, 1))","((1, 0), (0, 1))","((1, 0), (0, 1))","((1, 0), (0, 1))","((1, 0), (0, 1))","((1, 0), (0, 1))"
76,"((2, 0), (1, 0))","((2, 0), (1, 0))","((2, 0), (1, 0))","((2, 0), (1, 0))","((2, 0), (1, 0))","((2, 0), (1, 0))","((2, 0), (1, 0))","((2, 0), (1, 0))","((1, 0), (1, 0))","((1, 0), (0, 0))","((1, 0), (0, 0))","((1, 0), (0, 0))","((1, 0), (0, 0))","((1, 0), (0, 1))","((1, 0), (0, 1))","((1, 0), (0, 1))","((1, 0), (0, 1))","((1, 0), (0, 1))","((1, 0), (0, 1))","((1, 0), (0, 1))","((1, 0), (0, 1))"
77,"((2, 0), (1, 0))","((2, 0), (1, 0))","((2, 0), (1, 0))","((2, 0), (1, 0))","((2, 0), (1, 0))","((2, 0), (1, 0))","((2, 0), (1, 0))","((1, 0), (0, 0))","((0, 0), (0, 0))","((0, 0), (0, 0))","((0, 1), (0, 1))","((0, 1), (0, 1))","((0, 1), (0, 1))","((0, 1), (0, 1))","((0, 1), (0, 1))","((0, 1), (0, 1))","((0, 1), (0, 1))","((0, 1), (0, 1))","((0, 1), (0, 1))","((0, 1), (0, 1))","((0, 1), (0, 1))"
78,"((1, 0), (1, 0))","((1, 0), (1, 0))","((1, 0), (1, 0))","((1, 0), (1, 0))","((1, 0), (1, 0))","((1, 0), (1, 0))","((1, 0), (1, 0))","((1, 0), (1, 0))","((0, 0), (1, 0))","((0, 0), (1, 0))","((0, 0), (0, 0))","((0, 0), (0, 0))","((0, 0), (0, 0))","((0, 0), (0, 0))","((0, 0), (0, 0))","((0, 0), (0, 0))","((0, 0), (0, 0))","((0, 0), (0, 0))","((0, 0), (0, 0))","((0, 0), (0, 0))","((0, 0), (0, 0))"
79,"((1, 0), (1, 0))","((1, 0), (1, 0))","((1, 0), (1, 0))","((1, 0), (1, 0))","((1, 0), (1, 0))","((1, 0), (1, 0))","((1, 0), (1, 0))","((1, 0), (1, 0))","((0, 0), (1, 0))","((0, 0), (1, 0))","((0, 0), (1, 0))","((0, 0), (0, 0))","((0, 0), (0, 0))","((0, 0), (0, 0))","((0, 0), (0, 0))","((0, 0), (0, 0))","((0, 0), (0, 0))","((0, 0), (0, 0))","((0, 0), (0, 0))","((0, 0), (0, 0))","((0, 0), (0, 0))"
80,"((1, 0), (1, 0))","((1, 0), (1, 0))","((1, 0), (1, 0))","((1, 0), (1, 0))","((1, 0), (1, 0))","((1, 0), (1, 0))","((1, 0), (1, 0))","((1, 0), (1, 0))","((0, 0), (0, 0))","((0, 0), (0, 0))","((0, 0), (0, 0))","((0, 0), (0, 0))","((0, 1), (0, 0))","((0, 1), (0, 0))","((0, 1), (0, 0))","((0, 1), (0, 0))","((0, 1), (0, 0))","((0, 1), (0, 0))","((0, 1), (0, 0))","((0, 1), (0, 0))","((0, 1), (0, 0))"
81,"((2, 0), (1, 0))","((2, 0), (1, 0))","((2, 0), (1, 0))","((2, 0), (1, 0))","((2, 0), (1, 0))","((2, 0), (1, 0))","((2, 0), (1, 0))","((1, 0), (1, 0))","((0, 0), (0, 0))","((0, 0), (0, 0))","((0, 0), (0, 0))","((0, 0), (0, 0))","((0, 0), (0, 1))","((0, 0), (0, 1))","((0, 0), (0, 1))","((0, 0), (0, 1))","((0, 0), (0, 1))","((0, 0), (0, 1))","((0, 0), (0, 1))","((0, 0), (0, 1))","((0, 0), (0, 1))"
82,"((1, 0), (1, 0))","((1, 0), (1, 0))","((1, 0), (1, 0))","((1, 0), (1, 0))","((1, 0), (1, 0))","((1, 0), (1, 0))","((1, 0), (1, 0))","((1, 0), (1, 0))","((0, 0), (1, 0))","((0, 0), (1, 0))","((0, 0), (1, 0))","((0, 1), (1, 0))","((0, 1), (1, 0))","((0, 1), (1, 0))","((0, 1), (1, 0))","((0, 1), (1, 0))","((0, 1), (1, 0))","((0, 1), (1, 0))","((0, 1), (1, 0))","((0, 1), (1, 0))","((0, 1), (1, 0))"
83,"((2, 0), (1, 0))","((2, 0), (1, 0))","((2, 0), (1, 0))","((2, 0), (1, 0))","((2, 0), (1, 0))","((2, 0), (1, 0))","((2, 0), (1, 0))","((2, 0), (1, 0))","((1, 0), (0, 0))","((0, 0), (0, 0))","((0, 0), (0, 0))","((0, 0), (0, 0))","((0, 0), (0, 0))","((0, 0), (0, 0))","((0, 0), (0, 1))","((0, 0), (0, 1))","((0, 0), (0, 1))","((0, 0), (0, 1))","((0, 0), (0, 1))","((0, 0), (0, 1))","((0, 0), (0, 1))"
84,"((1, 0), (1, 0))","((1, 0), (1, 0))","((1, 0), (1, 0))","((1, 0), (1, 0))","((1, 0), (1, 0))","((1, 0), (1, 0))","((1, 0), (1, 0))","((1, 0), (1, 0))","((0, 0), (1, 0))","((0, 0), (1, 0))","((0, 0), (1, 0))","((0, 1), (1, 0))","((0, 1), (1, 0))","((0, 1), (1, 0))","((0, 1), (1, 0))","((0, 1), (1, 0))","((0, 1), (1, 0))","((0, 1), (1, 0))","((0, 1), (1, 0))","((0, 1), (1, 0))","((0, 1), (1, 0))"
85,"((2, 0), (2, 0))","((2, 0), (2, 0))","((2, 0), (2, 0))","((2, 0), (2, 0))","((2, 0), (2, 0))","((2, 0), (2, 0))","((2, 0), (2, 0))","((2, 0), (2, 0))","((2, 0), (2, 0))","((2, 0), (2, 0))","((2, 0), (2, 0))","((0, 0), (2, 0))","((0, 0), (0, 0))","((0, 0), (0, 0))","((0, 0), (0, 0))","((0, 2), (0, 0))","((0, 2), (0, 0))","((0, 2), (0, 0))","((0, 2), (0, 0))","((0, 2), (0, 0))","((0, 2), (0, 0))"
86,"((4, 0), (4, 0))","((4, 0), (4, 0))","((4, 0), (4, 0))","((4, 0), (4, 0))","((4, 0), (4, 0))","((4, 0), (4, 0))","((4, 0), (4, 0))","((4, 0), (4, 0))","((4, 0), (4, 0))","((4, 0), (4, 0))","((3, 0), (3, 0))","((0, 0), (2, 0))","((0, 2), (0, 0))","((0, 2), (0, 0))","((0, 2), (0, 0))","((0, 3), (0, 1))","((0, 4), (0, 2))","((0, 4), (0, 2))","((0, 4), (0, 2))","((0, 4), (0, 2))","((0, 4), (0, 2))"
87,"((3, 0), (3, 0))","((3, 0), (3, 0))","((3, 0), (3, 0))","((3, 0), (3, 0))","((3, 0), (3, 0))","((3, 0), (3, 0))","((3, 0), (3, 0))","((3, 0), (3, 0))","((3, 0), (2, 0))","((2, 0), (1, 0))","((1, 0), (0, 0))","((1, 0), (0, 0))","((0, 0), (0, 2))","((0, 0), (0, 2))","((0, 2), (0, 1))","((0, 1), (0, 3))","((0, 2), (0, 3))","((0, 2), (0, 3))","((0, 2), (0, 3))","((0, 2), (0, 3))","((0, 2), (0, 3))"
88,"((2, 0), (2, 0))","((2, 0), (2, 0))","((2, 0), (2, 0))","((2, 0), (2, 0))","((2, 0), (2, 0))","((2, 0), (2, 0))","((2, 0), (2, 0))","((2, 0), (2, 0))","((2, 0), (2, 0))","((1, 0), (1, 0))","((1, 0), (0, 0))","((1, 0), (0, 0))","((0, 0), (0, 0))","((0, 0), (0, 2))","((0, 0), (0, 2))","((0, 0), (0, 2))","((0, 1), (0, 2))","((0, 1), (0, 2))","((0, 1), (0, 2))","((0, 1), (0, 2))","((0, 1), (0, 2))"
89,"((2, 0), (1, 0))","((2, 0), (1, 0))","((2, 0), (1, 0))","((2, 0), (1, 0))","((2, 0), (1, 0))","((2, 0), (1, 0))","((2, 0), (1, 0))","((2, 0), (1, 0))","((2, 0), (1, 0))","((1, 0), (0, 0))","((1, 0), (0, 0))","((1, 0), (0, 0))","((1, 1), (0, 1))","((0, 1), (0, 1))","((0, 1), (0, 1))","((0, 1), (0, 1))","((0, 1), (0, 1))","((0, 1), (0, 1))","((0, 1), (0, 1))","((0, 1), (0, 1))","((0, 1), (0, 1))"
